1,Darrell,Lam,darrell.lam1@gmail.com,6088356159,Emirati,1965-01-16,2024-03-18
2,Melanie,Cortez,melanie.cortez2@yahoo.com,6564823662,Brazilian,1979-09-07,2025-02-11
3,Kevin,Kelley,kevin.kelley3@gmail.com,3699577738,Canadian,1967-11-23,2024-09-08
4,Rachel,Flynn,rachel.flynn4@gmail.com,4895134332,German,1988-06-25,2023-05-05
5,John,Alvarez,john.alvarez5@gmail.com,9367632016,Emirati,1976-09-06,2023-12-04
6,Linda,Dominguez,linda.dominguez6@yahoo.com,3172788957,Japanese,1953-03-07,2025-02-08
7,Jennifer,Wagner,jennifer.wagner7@hotmail.com,2774348734,Zambian,1976-02-18,2024-08-03
8,Jennifer,Young,jennifer.young8@yahoo.com,8122362316,Canadian,1968-10-24,2024-06-28
9,Amy,Perry,amy.perry9@gmail.com,6909670546,Kenyan,1998-07-30,2025-10-30
10,Stephanie,Barnes,stephanie.barnes10@hotmail.com,9373467065,Zambian,1992-11-17,2025-04-11
11,Lauren,Ramsey,lauren.ramsey11@yahoo.com,9806990162,Emirati,2003-08-09,2025-11-14
12,Hunter,Green,hunter.green12@yahoo.com,5564641708,Kenyan,1962-07-19,2023-06-05
13,Stephanie,Walker,stephanie.walker13@gmail.com,0033092327,Canadian,1995-08-01,2025-04-11
14,Anne,Robinson,anne.robinson14@hotmail.com,5299124190,Zambian,1965-02-17,2026-01-21
15,Barbara,Odonnell,barbara.odonnell15@yahoo.com,3193149190,Indian,1973-04-11,2024-04-23
16,Ross,Wood,ross.wood16@hotmail.com,0671657262,South African,1987-10-30,2025-06-21
17,Tammy,Nelson,tammy.nelson17@hotmail.com,7694531473,French,1995-03-14,2025-07-09
18,Ashley,Barnett,ashley.barnett18@yahoo.com,5273545494,Canadian,1951-12-08,2024-12-08
19,Zachary,Lee,zachary.lee19@gmail.com,7837770143,Nigerian,1992-01-13,2024-06-25
20,John,Beck,john.beck20@yahoo.com,8568557444,Indian,1977-09-20,2023-12-17
21,Jennifer,Stewart,jennifer.stewart21@hotmail.com,2337498941,Australian,1981-05-08,2025-10-07
22,Kenneth,Ward,kenneth.ward22@yahoo.com,8240084271,Chinese,1951-02-02,2025-11-20
23,Audrey,Harrison,audrey.harrison23@yahoo.com,0471167190,Brazilian,1970-01-11,2023-09-22
24,Lisa,Avery,lisa.avery24@gmail.com,1869993867,Zambian,2007-12-02,2025-12-29
25,Kenneth,Chapman,kenneth.chapman25@yahoo.com,9091334123,Zambian,1967-12-25,2023-10-16
26,Charles,Smith,charles.smith26@yahoo.com,7403447134,British,1990-04-03,2025-08-19
27,Colleen,Guerrero,colleen.guerrero27@gmail.com,8324210249,German,1974-12-05,2025-07-07
28,Ashley,Roberts,ashley.roberts28@gmail.com,4648877190,Japanese,1977-06-15,2025-12-08
29,Jessica,Munoz,jessica.munoz29@gmail.com,9904902787,Japanese,1955-07-26,2026-01-07
30,Howard,Richards,howard.richards30@hotmail.com,1756551256,Canadian,1997-06-30,2025-05-08
31,Keith,Landry,keith.landry31@hotmail.com,1545168087,British,1952-05-25,2024-07-04
32,Jacob,Cox,jacob.cox32@yahoo.com,0348247710,American,1986-07-18,2026-03-10
33,Chelsea,Allen,chelsea.allen33@gmail.com,0861317127,German,1968-04-17,2026-01-25
34,Kelly,Thornton,kelly.thornton34@yahoo.com,7378263982,South African,1998-09-07,2025-11-10
35,Joshua,Tyler,joshua.tyler35@yahoo.com,8404499727,Emirati,1969-12-25,2024-11-19
36,Michael,Arnold,michael.arnold36@hotmail.com,5339636057,Chinese,1972-02-24,2025-05-20
37,Lisa,Hughes,lisa.hughes37@hotmail.com,2702895171,South African,1996-03-24,2024-11-05
38,Stephen,Bowen,stephen.bowen38@yahoo.com,2174596158,Indian,2000-10-13,2024-05-29
39,Levi,Higgins,levi.higgins39@yahoo.com,0913431611,Japanese,2000-11-13,2024-08-07
40,Heather,Berger,heather.berger40@gmail.com,0455623869,Emirati,1969-01-30,2025-04-25
41,Hector,Thompson,hector.thompson41@hotmail.com,9379237474,Canadian,2000-10-11,2025-04-08
42,Rachel,Marshall,rachel.marshall42@yahoo.com,2175946474,Zambian,1989-07-28,2023-11-13
43,Paul,Webb,paul.webb43@gmail.com,5944064090,British,1972-05-22,2026-01-01
44,Julie,Wall,julie.wall44@yahoo.com,3953394210,Canadian,1995-04-07,2024-03-12
45,Scott,Riley,scott.riley45@hotmail.com,4562328588,Brazilian,1957-11-21,2026-01-04
46,Maria,Scott,maria.scott46@yahoo.com,4517123685,Chinese,2006-05-19,2023-07-16
47,Ralph,Baker,ralph.baker47@gmail.com,4965137098,Zambian,1976-08-24,2024-04-02
48,Chelsea,Holland,chelsea.holland48@hotmail.com,4612004711,Zambian,1998-01-20,2023-12-22
49,Amanda,Price,amanda.price49@yahoo.com,8692617964,American,1989-02-27,2023-05-14
50,Mitchell,Ramos,mitchell.ramos50@gmail.com,1585064317,Chinese,1999-11-20,2023-07-18
51,Jason,Fowler,jason.fowler51@gmail.com,5329318393,Kenyan,1953-03-15,2025-09-16
52,Jesse,Schroeder,jesse.schroeder52@hotmail.com,2284210205,South African,1950-06-08,2025-08-21
53,John,Morris,john.morris53@gmail.com,2681177589,South African,1965-08-29,2023-08-06
54,William,Dougherty,william.dougherty54@gmail.com,8470076617,Kenyan,1992-06-13,2025-05-28
55,Scott,Lam,scott.lam55@yahoo.com,1249985698,British,1985-07-20,2024-02-26
56,William,Jordan,william.jordan56@hotmail.com,8367365766,British,1956-11-26,2025-06-16
57,Larry,Edwards,larry.edwards57@yahoo.com,2711116152,Brazilian,1971-12-24,2024-12-08
58,Brenda,Hoffman,brenda.hoffman58@yahoo.com,6560494519,Indian,1989-02-17,2024-10-16
59,Eric,Olson,eric.olson59@gmail.com,8514936899,Canadian,1970-07-30,2025-04-17
60,Angela,Lynch,angela.lynch60@hotmail.com,4024455022,Chinese,1998-05-19,2024-12-19
61,Richard,Thomas,richard.thomas61@hotmail.com,1836675254,Zambian,2006-08-20,2025-06-07
62,Kimberly,Bradley,kimberly.bradley62@gmail.com,2290147679,South African,2001-07-03,2024-08-05
63,Joshua,Fischer,joshua.fischer63@gmail.com,1497840369,Emirati,1970-04-16,2023-06-08
64,James,Dougherty,james.dougherty64@gmail.com,4510762268,American,1994-08-04,2025-05-19
65,Vincent,Whitaker,vincent.whitaker65@yahoo.com,0607159696,Chinese,1954-06-13,2025-05-25
66,Robert,Wilson,robert.wilson66@gmail.com,2975161369,Kenyan,2006-04-23,2024-06-20
67,Christian,Harrell,christian.harrell67@hotmail.com,5218188355,Indian,1969-12-17,2025-06-14
68,Lori,Briggs,lori.briggs68@gmail.com,4329212779,Indian,1956-03-25,2025-07-19
69,Shane,Glass,shane.glass69@hotmail.com,9552717744,Japanese,1987-07-25,2025-01-16
70,Michael,Jones,michael.jones70@yahoo.com,0541199867,South African,1976-06-24,2025-01-04
71,Stephanie,Stevenson,stephanie.stevenson71@gmail.com,9359782071,Japanese,1976-05-09,2025-09-13
72,Mary,Haas,mary.haas72@gmail.com,2037788925,Australian,1979-07-14,2024-05-21
73,Justin,Ortiz,justin.ortiz73@yahoo.com,0515186449,Emirati,1989-08-24,2025-11-21
74,Mathew,Aguilar,mathew.aguilar74@gmail.com,4629148652,American,2003-06-11,2025-04-12
75,Maria,Rodgers,maria.rodgers75@hotmail.com,1685054235,Nigerian,2003-03-12,2026-02-10
76,Tom,Perez,tom.perez76@gmail.com,4188805929,South African,1959-04-04,2024-05-25
77,Francis,Guerra,francis.guerra77@hotmail.com,2706537947,Japanese,1997-03-12,2023-12-21
78,John,Sheppard,john.sheppard78@yahoo.com,3597746886,German,2002-09-13,2026-03-03
79,Lisa,Solis,lisa.solis79@gmail.com,0758181412,Kenyan,2000-11-26,2024-02-01
80,Rebecca,Hernandez,rebecca.hernandez80@yahoo.com,3750606853,Brazilian,1955-08-03,2024-06-05
81,Christopher,Walker,christopher.walker81@yahoo.com,5220472779,Kenyan,2004-04-04,2023-04-14
82,Christian,Scott,christian.scott82@gmail.com,9861434103,Kenyan,1982-02-06,2024-07-12
83,Laura,Bryant,laura.bryant83@gmail.com,7980893246,Japanese,1998-10-19,2023-04-10
84,Michael,Duncan,michael.duncan84@gmail.com,1851888880,Australian,1988-10-20,2024-06-09
85,Theodore,Reid,theodore.reid85@yahoo.com,0515319520,Zambian,1964-12-24,2024-04-29
86,Matthew,Day,matthew.day86@hotmail.com,7221704303,Kenyan,1977-03-21,2025-12-04
87,Leslie,Collins,leslie.collins87@yahoo.com,8740345054,Nigerian,2007-08-22,2023-08-23
88,Micheal,Preston,micheal.preston88@hotmail.com,6527758416,Chinese,1975-10-10,2023-07-04
89,Carrie,Short,carrie.short89@hotmail.com,1154479627,Kenyan,1967-04-23,2024-04-28
90,Bobby,Berg,bobby.berg90@yahoo.com,6401658202,Emirati,1985-12-06,2025-10-25
91,Erika,Kim,erika.kim91@gmail.com,5569092755,Nigerian,1954-03-03,2024-08-07
92,Chase,Taylor,chase.taylor92@yahoo.com,4310278681,Zambian,1973-05-10,2024-01-20
93,Jorge,Griffin,jorge.griffin93@hotmail.com,7312172715,British,1966-10-31,2025-04-09
94,Jenna,Pierce,jenna.pierce94@yahoo.com,2258313237,Japanese,2001-12-19,2023-05-07
95,Angela,Wood,angela.wood95@hotmail.com,1146786691,Canadian,1957-10-18,2023-08-24
96,Logan,Jones,logan.jones96@yahoo.com,5289226801,French,1989-09-19,2024-10-27
97,Kevin,Martin,kevin.martin97@hotmail.com,8414384249,Brazilian,1963-05-07,2024-11-13
98,Wayne,Jackson,wayne.jackson98@hotmail.com,9959001094,Kenyan,1959-03-19,2025-03-22
99,Katie,Butler,katie.butler99@hotmail.com,8447364710,German,1952-01-10,2023-09-29
100,Robert,Marshall,robert.marshall100@yahoo.com,5556258815,Chinese,1985-06-16,2023-12-29
101,David,Cole,david.cole101@gmail.com,4696325953,Emirati,1955-11-19,2025-07-23
102,Tyrone,Robertson,tyrone.robertson102@yahoo.com,7016873395,British,2001-04-04,2023-06-01
103,Juan,Harper,juan.harper103@hotmail.com,4801624565,French,1989-04-11,2023-05-28
104,Brett,Hoffman,brett.hoffman104@yahoo.com,1687849912,Zambian,1982-05-11,2026-03-12
105,Phillip,Norton,phillip.norton105@yahoo.com,5239868000,Chinese,1982-08-16,2023-09-06
106,Mason,Wells,mason.wells106@yahoo.com,8259526949,South African,1958-11-28,2024-04-11
107,Maria,Patel,maria.patel107@hotmail.com,7055169409,Japanese,1982-12-02,2024-09-10
108,Tammy,Patton,tammy.patton108@hotmail.com,0972896230,French,1983-10-10,2024-12-26
109,Jackie,Lee,jackie.lee109@yahoo.com,2636897028,German,1968-06-18,2023-11-22
110,Mark,Bates,mark.bates110@hotmail.com,2785854973,American,1972-02-16,2026-02-21
111,Joshua,Evans,joshua.evans111@yahoo.com,3757584419,Nigerian,1994-12-31,2025-04-19
112,Noah,Baird,noah.baird112@yahoo.com,2404157473,Nigerian,2005-08-21,2023-11-16
113,Amanda,Fitzpatrick,amanda.fitzpatrick113@hotmail.com,1993308330,Kenyan,1966-01-09,2023-07-27
114,Mark,Kennedy,mark.kennedy114@hotmail.com,0826773454,American,1994-12-22,2025-03-16
115,Rebecca,Davis,rebecca.davis115@hotmail.com,0262067240,Zambian,1963-09-27,2023-04-19
116,Ashley,Rodriguez,ashley.rodriguez116@yahoo.com,8872874315,South African,1966-10-10,2023-10-04
117,Stephen,Scott,stephen.scott117@gmail.com,5493296685,British,1951-02-01,2023-07-13
118,Elizabeth,Lopez,elizabeth.lopez118@gmail.com,3046374549,South African,1977-12-17,2025-06-09
119,Alexander,Valdez,alexander.valdez119@hotmail.com,1742684145,American,1963-12-23,2025-02-10
120,Jeffrey,Anderson,jeffrey.anderson120@gmail.com,9568783391,Japanese,1976-08-28,2024-11-04
121,Allison,Cox,allison.cox121@hotmail.com,8839822587,Indian,1956-10-11,2023-08-14
122,Jamie,Aguilar,jamie.aguilar122@gmail.com,7072867908,German,2002-05-28,2024-08-27
123,Lindsay,Cummings,lindsay.cummings123@yahoo.com,0391065180,Nigerian,1965-01-10,2026-01-27
124,Cesar,Peck,cesar.peck124@gmail.com,2265676618,Kenyan,1966-12-03,2023-09-01
125,Michelle,Wilson,michelle.wilson125@hotmail.com,2300478686,Australian,1973-01-24,2025-09-27
126,John,Reed,john.reed126@yahoo.com,1069033119,Japanese,1961-03-14,2023-05-15
127,Carla,Warner,carla.warner127@gmail.com,0673830284,Australian,1964-06-18,2023-12-21
128,Sabrina,Johnston,sabrina.johnston128@hotmail.com,5342836440,British,1984-12-12,2024-12-09
129,Brittany,Moss,brittany.moss129@gmail.com,6870568566,Canadian,1986-07-30,2023-09-19
130,Nicholas,Webster,nicholas.webster130@yahoo.com,3427086688,Japanese,1964-03-30,2023-09-02
131,John,Harris,john.harris131@hotmail.com,7518304699,Indian,1954-11-09,2023-05-22
132,Charles,Ballard,charles.ballard132@hotmail.com,8373540331,Zambian,1992-04-12,2025-07-05
133,Karen,Rocha,karen.rocha133@hotmail.com,3638546785,French,1985-04-29,2024-03-12
134,Michael,Andrade,michael.andrade134@yahoo.com,7535560932,French,1955-12-28,2023-04-26
135,Angela,Silva,angela.silva135@hotmail.com,2353693785,Emirati,1974-06-28,2024-01-16
136,Lorraine,Levy,lorraine.levy136@hotmail.com,7252287280,South African,1993-03-02,2024-11-03
137,Mary,Jones,mary.jones137@hotmail.com,0623120387,Japanese,1953-01-30,2024-05-22
138,Christine,Estrada,christine.estrada138@hotmail.com,7008860084,Zambian,2003-03-18,2024-11-16
139,Justin,Shaw,justin.shaw139@hotmail.com,2118233984,Australian,1989-05-13,2025-09-18
140,Joseph,Sanders,joseph.sanders140@yahoo.com,7933410166,Zambian,2005-11-28,2024-05-26
141,Thomas,Walsh,thomas.walsh141@hotmail.com,7659180339,French,1960-03-17,2024-09-11
142,Brandon,Jones,brandon.jones142@yahoo.com,9025039261,Indian,2002-06-06,2024-03-02
143,Anne,Knight,anne.knight143@yahoo.com,8562185016,Japanese,1989-07-15,2023-12-19
144,Charles,Jacobs,charles.jacobs144@hotmail.com,6504773586,Kenyan,2005-08-26,2024-07-25
145,Erin,Guerrero,erin.guerrero145@gmail.com,4311426265,German,1995-01-21,2024-05-08
146,Christopher,Hahn,christopher.hahn146@yahoo.com,4121267888,Japanese,1971-02-22,2024-06-29
147,Anthony,Gomez,anthony.gomez147@gmail.com,5604661839,South African,1984-11-21,2024-10-31
148,Gina,Jackson,gina.jackson148@yahoo.com,7212646471,Kenyan,1967-09-26,2024-05-08
149,Sheryl,Le,sheryl.le149@yahoo.com,3712406596,South African,1984-09-16,2025-09-06
150,Mark,Cook,mark.cook150@hotmail.com,2459375265,Brazilian,2006-10-10,2024-02-22
